"N","MolID","Expt","G100","G109","G118","G119","G120","G121","G122","G123","G124","G127","G137"
"1",1,1.99,1.247,1.247,1.247,1.2469,1.2469,1.2469,1.2469,1.2469,1.2469,1.247,1.247
"2",2,1.82,1.55,1.55,1.55,1.55034,1.55035,1.55036,1.55037,1.55038,1.55039,1.55,1.551
"3",3,1.96,1.825,1.825,1.825,1.82462,1.82456,1.82457,1.82458,1.82458,1.82459,1.825,1.825
"4",4,2.07,2.099,2.099,2.099,2.0985,2.0985,2.0985,2.09849,2.09848,2.09848,2.098,2.098
"5",5,2.31,2.065,2.065,2.065,2.06511,2.06509,2.06507,2.06504,2.06501,2.06499,2.065,2.065
"6",6,2.31,2.373,2.373,2.373,2.3732,2.37319,2.37317,2.37316,2.37314,2.37312,2.373,2.373
"7",7,2.38,2.312,2.312,2.311,2.31065,2.31056,2.3105,2.3104,2.3103,2.3102,2.31,2.309
"8",8,2.5,2.264,2.264,2.262,2.26241,2.26229,2.26217,2.26205,2.26193,2.2618,2.261,2.26
"9",9,2.48,2.648,2.648,2.648,2.64766,2.64759,2.64753,2.64757,2.64755,2.64752,2.647,2.647
"10",10,2.5,2.588,2.588,2.587,2.58697,2.58687,2.58679,2.58675,2.58668,2.58658,2.586,2.585
"11",11,2.5,2.561,2.56,2.558,2.55827,2.55813,2.55797,2.55782,2.55767,2.55752,2.557,2.556
"12",12,2.5,2.484,2.483,2.481,2.48123,2.48105,2.48089,2.48073,2.48057,2.48041,2.48,2.479
"13",13,2.34,2.507,2.506,2.505,2.50494,2.5048,2.50466,2.50452,2.5044,2.50426,2.504,2.502
"14",14,2.67,2.923,2.922,2.922,2.92206,2.92199,2.92197,2.92198,2.9219,2.92187,2.922,2.922
"15",15,2.92,2.863,2.862,2.861,2.8613,2.86121,2.86112,2.86102,2.8609,2.8608,2.861,2.86
"16",16,2.71,2.837,2.836,2.835,2.83449,2.83438,2.83426,2.83413,2.83399,2.83385,2.834,2.832
"17",17,2.87,2.752,2.751,2.75,2.75003,2.74989,2.74975,2.74961,2.7494,2.74925,2.749,2.747
"18",18,2.52,2.755,2.754,2.753,2.75249,2.75233,2.75217,2.75204,2.75189,2.75173,2.751,2.75
"19",19,2.83,2.794,2.793,2.792,2.79195,2.79181,2.79165,2.7915,2.79136,2.79132,2.791,2.789
"20",20,2.56,2.692,2.69,2.689,2.68898,2.68879,2.68862,2.68844,2.68825,2.68807,2.688,2.686
"21",21,2.87,3.197,3.197,3.197,3.19654,3.19652,3.19649,3.19646,3.19628,3.19629,3.196,3.196
"22",22,2.96,3.111,3.11,3.109,3.10901,3.10888,3.10874,3.1086,3.10851,3.10836,3.108,3.107
"23",23,2.88,2.924,2.923,2.922,2.92206,2.92194,2.92183,2.92171,2.92159,2.92147,2.921,2.929
"24",24,2.56,2.939,2.938,2.937,2.93722,2.93717,2.93694,2.9363,2.93649,2.93605,2.936,2.935
"25",25,3.13,3.472,3.472,3.471,3.47106,3.47104,3.47101,3.47098,3.47095,3.47092,3.471,3.47
"26",26,2.92,3.241,3.24,3.238,3.2376,3.23739,3.23717,3.23692,3.23669,3.23649,3.236,3.234
"27",27,3.16,3.746,3.746,3.746,3.74576,3.74552,3.74549,3.74546,3.74543,3.74539,3.745,3.745
"28",28,0.75,1.696,1.696,1.696,1.69588,1.69589,1.69593,1.69594,1.69594,1.69595,1.696,1.696
"29",29,1.2,2.08,2.08,2.08,2.08033,2.08033,2.08033,2.08032,2.08032,2.08032,2.08,2.08
"30",30,1.59,2.33,2.331,2.331,2.33056,2.33098,2.33079,2.33032,2.33377,2.33376,2.334,2.333
"31",31,2.12,2.856,2.855,2.855,2.85468,2.85459,2.85452,2.85445,2.85438,2.85431,2.854,2.846
"32",32,2.54,3.401,3.401,3.401,3.40101,3.40099,3.40096,3.40094,3.40091,3.40089,3.401,3.401
"33",33,1.22,2.276,2.276,2.276,2.27618,2.27619,2.27618,2.27618,2.27623,2.27622,2.276,2.276
"34",34,1.7,2.519,2.519,2.518,2.51844,2.51842,2.51839,2.51837,2.51834,2.51832,2.518,2.518
"35",35,1.58,2.702,2.702,2.701,2.70097,2.70089,2.70081,2.70072,2.70063,2.70053,2.7,2.699
"36",36,2.11,2.762,2.762,2.761,2.76108,2.76102,2.76096,2.76091,2.76085,2.76087,2.761,2.76
"37",37,1.28,0.675,0.599,0.516,0.50626,0.49668,0.48702,0.47728,0.46745,0.45755,0.427,0.332
"38",38,1.32,1.095,1.021,0.941,0.9311,0.92172,0.91219,0.9026,0.89293,0.88314,0.853,0.761
"39",39,1.37,1.408,1.339,1.264,1.25537,1.24663,1.23852,1.2296,1.22061,1.21141,1.185,1.098
"40",40,1.67,1.685,1.617,1.544,1.53496,1.52632,1.51773,1.50904,1.49998,1.49102,1.465,1.379
"41",41,1.31,1.678,1.595,1.506,1.49624,1.48602,1.47549,1.46497,1.45434,1.44361,1.411,1.308
"42",42,1.82,1.682,1.615,1.542,1.53311,1.52435,1.51586,1.50694,1.49811,1.48923,1.462,1.379
"43",43,1.31,1.973,1.931,1.885,1.87998,1.87465,1.8693,1.86388,1.85843,1.85293,1.836,1.784
"44",44,1.58,1.961,1.893,1.82,1.81097,1.80232,1.79395,1.7848,1.77588,1.76705,1.74,1.655
"45",45,1.47,2.179,2.142,2.102,2.09729,2.09249,2.08773,2.08267,2.0778,2.07288,2.058,2.011
"46",46,1.66,1.961,1.893,1.82,1.81097,1.80231,1.79394,1.78479,1.77588,1.76704,1.74,1.655
"47",47,1.67,2.41,2.349,2.283,2.27567,2.26796,2.2602,2.25236,2.24445,2.23647,2.213,2.136
"48",48,1.92,2.511,2.443,2.369,2.36074,2.35213,2.34345,2.33468,2.32589,2.3171,2.29,2.205
"49",49,2.05,2.786,2.718,2.644,2.63567,2.62705,2.6183,2.60955,2.60071,2.59186,2.565,2.48
"50",50,0.61,0.629,0.472,0.303,0.28342,0.26377,0.24358,0.22328,0.20321,0.18298,0.121,-0.073
"51",51,0.68,1.09,0.959,0.818,0.80193,0.7855,0.76893,0.75224,0.7354,0.71843,0.667,0.507
"52",52,0.39,1.633,1.544,1.449,1.43794,1.42666,1.41528,1.40382,1.39225,1.38025,1.345,1.233
"53",53,0.92,1.079,0.954,0.819,0.80313,0.78748,0.77133,0.75543,0.73919,0.72298,0.674,0.519
"54",54,1.01,1.279,1.145,0.998,0.98129,0.96412,0.94682,0.92938,0.9118,0.89408,0.84,0.671
"55",55,0.56,1.355,1.265,1.168,1.15676,1.14539,1.13391,1.12241,1.11072,1.09894,1.063,0.95
"56",56,0.37,1.607,1.527,1.439,1.42912,1.41895,1.40868,1.39832,1.38788,1.37736,1.345,1.244
"57",57,0.67,2.184,2.143,2.099,2.09347,2.08829,2.08308,2.0778,2.07251,2.06714,2.051,2
"58",58,-0.99,0.174,-0.129,-0.453,-0.49082,-0.52926,-0.56803,-0.60712,-0.64652,-0.68626,-0.807,-1.188
"59",59,-0.48,0.318,0.105,-0.127,-0.15354,-0.18065,-0.20797,-0.23553,-0.2633,-0.29131,-0.377,-0.645
"60",60,-0.16,0.659,0.454,0.232,0.20614,0.18014,0.15393,0.12749,0.09967,0.07348,-0.009,-0.265
"61",61,0.01,0.998,0.809,0.603,0.57962,0.55559,0.53135,0.5069,0.48224,0.45739,0.382,0.143
"62",62,0.29,1.274,1.085,0.879,0.85512,0.83108,0.8068,0.78232,0.75763,0.73274,0.657,0.419
"63",63,0.6,1.553,1.365,1.158,1.13376,1.10978,1.08558,1.06125,1.03665,1.01189,0.94,0.703
"64",64,0.71,1.827,1.638,1.433,1.40931,1.38535,1.3612,1.33684,1.31229,1.28753,1.212,0.975
"65",65,3.11,1.506,1.444,1.377,1.36949,1.36165,1.35375,1.34578,1.33774,1.32964,1.305,1.227
"66",66,-0.54,0.281,0.08,-0.138,-0.16323,-0.18877,-0.2145,-0.24046,-0.26662,-0.29302,-0.373,-0.626
"67",67,-1.31,0.301,0.084,-0.152,-0.17978,-0.20737,-0.23521,-0.26325,-0.29156,-0.32008,-0.407,-0.68
"68",68,-1.07,0.681,0.514,0.334,0.31274,0.29159,0.27028,0.24876,0.22708,0.20523,0.139,-0.071
"69",69,0.08,1.089,0.978,0.857,0.84321,0.82912,0.81489,0.80055,0.7861,0.77153,0.727,0.587
"70",70,-0.63,0.637,0.447,0.243,0.21947,0.19586,0.17172,0.14742,0.12289,0.0982,0.023,-0.214
"71",71,-0.84,0.6,0.388,0.158,0.13092,0.1039,0.07666,0.04919,0.02147,-0.00646,-0.092,-0.359
"72",72,-1.78,0.267,-0.008,-0.307,-0.34213,-0.37712,-0.41241,-0.44817,-0.484,-0.52013,-0.63,-0.977
"73",73,-0.19,0.928,0.76,0.576,0.55501,0.53355,0.51194,0.49025,0.46825,0.4461,0.379,0.167
"74",74,-1.99,0.225,-0.075,-0.401,-0.43885,-0.47699,-0.51542,-0.55416,-0.59323,-0.63263,-0.753,-1.13
"75",75,-2.46,0.256,-0.054,-0.391,-0.43037,-0.46976,-0.50952,-0.5496,-0.59001,-0.63075,-0.755,-1.145
"76",76,-1.28,0.523,0.263,-0.02,-0.0533,-0.0864,-0.1198,-0.15346,-0.18742,-0.22162,-0.326,-0.654
"77",77,-1.39,0.69,0.445,0.179,0.148,0.11686,0.08548,0.05382,0.02191,-0.01026,-0.108,-0.417
"78",78,-0.33,0.902,0.712,0.506,0.48227,0.45815,0.43383,0.40931,0.38455,0.35964,0.284,0.045
"79",79,-0.24,1,0.832,0.648,0.62737,0.60544,0.58381,0.56202,0.54004,0.51788,0.45,0.239
"80",80,-1.26,0.727,0.492,0.239,0.20926,0.17956,0.14951,0.11927,0.08878,0.05802,-0.036,-0.33
"81",81,-1.89,0.147,-0.202,-0.581,-0.62533,-0.66968,-0.71437,-0.75948,-0.80491,-0.85074,-0.99,-1.426
"82",82,-0.16,1.193,1.006,0.802,0.77903,0.75506,0.7318,0.70756,0.68301,0.65835,0.584,0.348
"83",83,0,1.388,1.244,1.087,1.069,1.05064,1.03217,1.01343,0.99452,0.97547,0.918,0.736
"84",84,1.09,1.667,1.538,1.398,1.38207,1.36565,1.34906,1.33251,1.31571,1.29875,1.248,1.086
"85",85,-2.31,0.533,0.211,-0.137,-0.1776,-0.21841,-0.25876,-0.29978,-0.34148,-0.38332,-0.511,-0.906
"86",86,-0.07,1.471,1.285,1.082,1.05856,1.03484,1.0117,0.98653,0.96218,0.93774,0.863,0.629
"87",87,0,1.75,1.564,1.363,1.3395,1.3159,1.29181,1.26779,1.24453,1.22016,1.145,0.911
"88",88,0.29,2.027,1.842,1.641,1.61752,1.59394,1.57018,1.5462,1.52205,1.49767,1.425,1.191
"89",89,0.24,0.6,0.388,0.158,0.13092,0.1039,0.07666,0.04919,0.02147,-0.00646,-0.092,-0.359
"90",90,-1.17,-0.455,-0.817,-1.209,-1.25427,-1.30012,-1.34633,-1.39293,-1.43991,-1.48727,-1.633,-2.087
"91",91,-0.78,-0.456,-0.818,-1.209,-1.25481,-1.30063,-1.34686,-1.39426,-1.44127,-1.48865,-1.633,-2.088
"92",92,-0.44,0.724,0.549,0.359,0.33738,0.31507,0.29266,0.27007,0.24728,0.2243,0.154,-0.066
"93",93,0.1,1.58,1.536,1.488,1.48288,1.47733,1.47173,1.46608,1.46039,1.45465,1.437,1.382
"94",94,-0.57,0.321,0.081,-0.18,-0.21078,-0.24124,-0.27192,-0.30287,-0.33423,-0.36571,-0.462,-0.763
"95",95,-0.82,-0.279,-0.531,-0.805,-0.83722,-0.86928,-0.90162,-0.93421,-0.96707,-1.00017,-1.101,-1.419
"96",96,-1.96,-0.318,-0.55,-0.802,-0.83136,-0.86086,-0.89061,-0.92059,-0.95083,-0.98132,-1.074,-1.366
"97",97,-2.12,0.116,-0.016,-0.158,-0.17475,-0.19144,-0.20828,-0.22525,-0.24234,-0.2596,-0.312,-0.478
"98",98,-0.73,-0.071,-0.342,-0.636,-0.67024,-0.70465,-0.73932,-0.7743,-0.80957,-0.84513,-0.952,-1.293
"99",99,-2.33,-0.888,-1.279,-1.704,-1.75317,-1.80288,-1.85306,-1.9036,-1.95456,-2.00592,-2.163,-2.655
"100",100,-0.56,0.185,-0.089,-0.386,-0.42028,-0.45506,-0.49017,-0.52552,-0.56116,-0.59716,-0.707,-1.051
"101",101,-0.48,0.185,-0.09,-0.389,-0.42363,-0.45759,-0.49275,-0.52821,-0.56401,-0.60006,-0.71,-1.055
"102",102,-0.39,0.483,0.213,-0.079,-0.11337,-0.14763,-0.1822,-0.21703,-0.25214,-0.28752,-0.395,-0.734
"103",103,-0.03,0.571,0.324,0.057,0.02575,-0.00557,-0.03717,-0.06902,-0.10111,-0.13349,-0.232,-0.542
"104",104,0.84,0.42,0.143,-0.157,-0.19231,-0.22744,-0.26283,-0.29854,-0.33536,-0.37164,-0.482,-0.83
"105",105,-0.1,0.764,0.495,0.204,0.1697,0.13543,0.10089,0.06584,0.03069,-0.0046,-0.112,-0.45
"106",106,0.18,1.163,0.917,0.651,0.61998,0.58856,0.55778,0.52602,0.49402,0.46177,0.364,0.056
"107",107,0.34,1.324,1.057,0.767,0.73373,0.6997,0.66494,0.63015,0.59551,0.56073,0.456,0.118
"108",108,0.52,1.716,1.471,1.206,1.1744,1.14337,1.11445,1.08283,1.05101,1.01892,0.919,0.613
"109",109,-0.88,-1.176,-1.361,-1.561,-1.58373,-1.60711,-1.63069,-1.65449,-1.67845,-1.70262,-1.776,-2.008
"110",110,-0.73,-0.954,-1.167,-1.398,-1.42506,-1.45183,-1.47914,-1.50666,-1.53438,-1.56233,-1.648,-1.915
"111",111,-0.53,-0.518,-0.713,-0.923,-0.94758,-0.97229,-0.99725,-1.02242,-1.04781,-1.07336,-1.513,-1.396
"112",112,-0.24,-0.418,-0.634,-0.867,-0.89383,-0.92124,-0.94886,-0.97671,-1.00479,-1.0331,-1.119,-1.39
"113",113,-0.14,0.042,-0.152,-0.36,-0.38413,-0.40837,-0.43319,-0.45818,-0.48333,-0.50868,-0.586,-0.828
"114",114,0.08,0.32,0.127,-0.082,-0.10635,-0.12896,-0.15364,-0.17856,-0.20422,-0.22951,-0.306,-0.548
"115",115,0.27,0.593,0.4,0.19,0.16604,0.14154,0.11684,0.09407,0.06893,0.04358,-0.035,-0.277
"116",116,-0.11,0.721,0.506,0.273,0.24614,0.21876,0.19124,0.16354,0.13556,0.10735,0.021,-0.249
"117",117,0.5,0.86,0.664,0.452,0.42752,0.40267,0.37761,0.35234,0.32685,0.30116,0.223,-0.023
"118",118,-1.59,0.462,0.138,-0.21,-0.25028,-0.29138,-0.33285,-0.37464,-0.41681,-0.45931,-0.589,-0.996
"119",119,-1.16,1.009,0.684,0.335,0.29459,0.25342,0.21195,0.17012,0.12796,0.08547,-0.044,-0.451
"120",120,-0.53,1.245,0.975,0.682,0.64825,0.61661,0.58235,0.54771,0.51273,0.47707,0.369,0.032
"121",121,-0.83,1.561,1.236,0.882,0.84124,0.79987,0.76373,0.72166,0.67948,0.63694,0.507,0.101
"122",122,-1.12,0.594,0.303,-0.014,-0.05091,-0.08785,-0.12506,-0.16257,-0.20033,-0.23839,-0.354,-0.735
"123",123,0.1,1.254,1.013,0.757,0.72691,0.69708,0.66643,0.63623,0.60572,0.57516,0.477,0.181
"124",124,-3.47,-0.157,-0.524,-0.922,-0.96817,-1.01514,-1.06215,-1.10955,-1.15736,-1.20569,-1.355,-1.817
"125",125,-3.29,0.299,-0.028,-0.391,-0.43525,-0.4779,-0.52065,-0.56397,-0.60764,-0.65173,-0.786,-1.204
"126",126,-2.91,0.65,0.323,-0.032,-0.0737,-0.11539,-0.1565,-0.19882,-0.24139,-0.28429,-0.415,-0.823
"127",127,-3.11,0.205,-0.136,-0.506,-0.54863,-0.59188,-0.63548,-0.67984,-0.72396,-0.76833,-0.904,-1.328
"128",128,-5.05,-1.342,-1.924,-2.558,-2.63132,-2.70517,-2.77966,-2.85475,-2.93047,-3.0068,-3.24,-3.971
"129",129,-2.75,-3.731,-4.551,-5.442,-5.54575,-5.64997,-5.75513,-5.8611,-5.96794,-6.07568,-6.404,-7.436
"130",130,-3.49,-3.078,-3.863,-4.713,-4.81187,-4.91117,-5.01129,-5.11225,-5.21404,-5.31667,-5.63,-6.613
"131",131,-3.43,-2.738,-3.493,-4.316,-4.41285,-4.50999,-4.6076,-4.70597,-4.80524,-4.90527,-5.261,-6.234
"132",132,-3.17,-2.442,-3.203,-4.037,-4.13171,-4.22957,-4.32772,-4.42683,-4.52637,-4.6273,-4.932,-5.894
"133",133,-2.86,-2.444,-3.212,-4.045,-4.14193,-4.23921,-4.3371,-4.43678,-4.53638,-4.6371,-4.941,-5.914
"134",134,-3.02,-2.074,-2.828,-3.64,-3.73488,-3.83048,-3.92657,-4.02372,-4.1213,-4.21982,-4.522,-5.464
"135",135,-2.8,-1.846,-2.602,-3.425,-3.51931,-3.61585,-3.71298,-3.81097,-3.90923,-4.02381,-4.328,-5.262
"136",136,-2.67,-1.562,-2.317,-3.14,-3.23392,-3.33085,-3.4272,-3.52504,-3.62284,-3.72223,-4.025,-4.975
"137",137,-2.28,-1.284,-2.039,-2.861,-2.95578,-3.04998,-3.14704,-3.24431,-3.34295,-3.44233,-3.745,-4.693
"138",138,-2.07,-0.877,-1.604,-2.397,-2.48866,-2.57801,-2.67214,-2.76603,-2.86089,-2.95654,-3.248,-4.156
"139",139,-4.22,-3.9,-4.905,-5.994,-6.11998,-6.24742,-6.37586,-6.5054,-6.636,-6.76769,-7.169,-8.431
"140",140,-3.67,-3.265,-4.256,-5.332,-5.45692,-5.5826,-5.70936,-5.83715,-5.96593,-6.09584,-6.492,-7.737
"141",141,-3.43,-2.697,-3.685,-4.758,-4.88179,-5.00699,-5.13334,-5.26065,-5.38902,-5.51842,-5.913,-7.153
"142",142,-3.79,-2.152,-2.83,-3.569,-3.65425,-3.74069,-3.82783,-3.91572,-4.00433,-4.09364,-4.366,-5.222
"143",143,-3.7,-1.68,-2.32,-3.02,-3.1008,-3.17926,-3.2618,-3.34507,-3.42898,-3.51323,-3.77,-4.577
"144",144,-3.51,-1.386,-2.02,-2.704,-2.78356,-2.86416,-2.94542,-3.02704,-3.10963,-3.19278,-3.446,-4.23
"145",145,-3.41,-1.22,-1.83,-2.49,-2.56,-2.64,-2.72,-2.8,-2.88,-2.96,-3.2,-3.96
"146",146,-3.25,-1,-1.57,-2.19,-2.26,-2.33,-2.4,-2.48,-2.55,-2.63,-2.85,-3.57
"147",147,-3.29,-1.12,-1.75,-2.43,-2.51,-2.59,-2.67,-2.75,-2.83,-2.92,-3.17,-3.95
"148",148,-3.05,-1.12,-1.75,-2.43,-2.51,-2.59,-2.67,-2.75,-2.83,-2.92,-3.17,-3.95
"149",149,-3.04,-0.84,-1.47,-2.15,-2.23,-2.31,-2.39,-2.47,-2.55,-2.63,-2.88,-3.66
"150",150,-2.92,-0.68,-1.29,-1.93,-2.01,-2.08,-2.16,-2.23,-2.31,-2.39,-2.62,-3.38
"151",151,-2.88,-0.56,-1.18,-1.86,-1.94,-2.02,-2.1,-2.18,-2.26,-2.34,-2.59,-3.37
"152",152,-2.5,-0.24,-0.86,-1.54,-1.61,-1.69,-1.77,-1.85,-1.93,-2.02,-2.27,-3.05
"153",153,-2.65,-0.11,-0.71,-1.35,-1.42,-1.5,-1.57,-1.65,-1.72,-1.8,-2.04,-2.77
"154",154,-2.35,0,-0.63,-1.31,-1.39,-1.47,-1.55,-1.63,-1.71,-1.79,-2.04,-2.82
"155",155,-2.15,0.31,-0.31,-0.98,-1.06,-1.14,-1.22,-1.3,-1.38,-1.46,-1.71,-2.5
"156",156,-4.71,-2.16,-2.89,-3.68,-3.77,-3.86,-3.95,-4.05,-4.14,-4.24,-4.53,-5.45
"157",157,-4.91,-1.76,-2.45,-3.21,-3.29,-3.38,-3.47,-3.56,-3.65,-3.74,-4.02,-4.88
"158",158,-2.78,-3.48,-4.34,-5.27,-5.38,-5.49,-5.6,-5.71,-5.82,-5.94,-6.28,-7.37
"159",159,-2.56,-3.22,-4.1,-5.05,-5.15,-5.27,-5.38,-5.49,-5.6,-5.72,-6.07,-7.15
"160",160,-2.48,-2.92,-3.79,-4.74,-4.84,-4.96,-5.07,-5.18,-5.29,-5.41,-5.75,-6.83
"161",161,-2.02,-2.73,-3.57,-4.48,-4.58,-4.69,-4.8,-4.91,-5.01,-5.12,-5.46,-6.51
"162",162,-2.22,-2.42,-3.25,-4.14,-4.25,-4.35,-4.46,-4.57,-4.67,-4.78,-5.11,-6.15
"163",163,-2.13,-2.39,-3.25,-4.18,-4.29,-4.4,-4.51,-4.62,-4.73,-4.84,-5.19,-6.27
"164",164,-3.14,-2.16,-2.85,-3.6,-3.68,-3.77,-3.86,-3.95,-4.04,-4.13,-4.41,-5.28
"165",165,-2.95,-1.89,-2.59,-3.36,-3.45,-3.54,-3.63,-3.72,-3.81,-3.9,-4.18,-5.07
"166",166,-2.8,-1.6,-2.3,-3.06,-3.15,-3.24,-3.33,-3.42,-3.51,-3.6,-3.88,-4.76
"167",167,-2.65,-1.4,-2.06,-2.79,-2.87,-2.96,-3.04,-3.13,-3.21,-3.3,-3.57,-4.4
"168",168,-2.65,-1.31,-2,-2.76,-2.85,-2.94,-3.03,-3.12,-3.21,-3.3,-3.58,-4.45
"169",169,-2.36,-1.2,-1.88,-2.62,-2.7,-2.79,-2.87,-2.96,-3.05,-3.14,-3.41,-4.23
"170",170,-2.51,-1.02,-1.71,-2.47,-2.56,-2.64,-2.73,-2.82,-2.91,-3,-3.28,-4.16
"171",171,-2.21,-1.05,-1.74,-2.49,-2.57,-2.66,-2.75,-2.84,-2.93,-3.02,-3.29,-4.16
"172",172,-2.26,-0.74,-1.43,-2.18,-2.27,-2.36,-2.45,-2.54,-2.63,-2.72,-2.99,-3.86
"173",173,-2.93,-1.71,-2.37,-3.09,-3.17,-3.26,-3.34,-3.43,-3.52,-3.6,-3.86,-4.68
"174",174,-2.69,-1.45,-2.13,-2.86,-2.95,-3.03,-3.12,-3.21,-3.3,-3.38,-3.66,-4.5
"175",175,-2.44,-1.17,-1.84,-2.56,-2.66,-2.75,-2.83,-2.92,-3.01,-3.1,-3.37,-4.21
"176",176,-2.11,-0.59,-1.26,-1.99,-2.07,-2.16,-2.24,-2.33,-2.41,-2.5,-2.77,-3.61
"177",177,-2.84,-1.3,-1.94,-2.64,-2.72,-2.8,-2.89,-2.97,-3.05,-3.14,-3.39,-4.19
"178",178,-2.5,-1.05,-1.7,-2.42,-2.51,-2.6,-2.68,-2.77,-2.85,-2.94,-3.2,-4.03
"179",179,-2.28,-0.82,-1.49,-2.2,-2.29,-2.37,-2.45,-2.54,-2.62,-2.71,-2.97,-3.79
"180",180,-2.56,-1.02,-1.65,-2.35,-2.43,-2.51,-2.59,-2.68,-2.76,-2.85,-3.1,-3.9
"181",181,-2.5,-0.84,-1.5,-2.22,-2.3,-2.39,-2.47,-2.56,-2.64,-2.73,-2.99,-3.82
"182",182,-2.5,-0.72,-1.36,-2.05,-2.13,-2.21,-2.3,-2.38,-2.47,-2.55,-2.8,-3.6
"183",183,-2.24,-3.17,-4.1,-5.12,-5.24,-5.36,-5.48,-5.6,-5.73,-5.85,-6.22,-7.41
"184",184,-1.69,-0.55,-1.22,-1.93,-2.02,-2.1,-2.18,-2.27,-2.36,-2.44,-2.71,-3.53
"185",185,-3.89,-0.11,-0.69,-1.32,-1.39,-1.47,-1.54,-1.62,-1.69,-1.77,-2,-2.72
"186",186,-3.85,-4.36,-5.36,-6.45,-6.58,-6.7,-6.83,-6.96,-7.09,-7.22,-7.63,-8.89
"187",187,-3.64,-3.83,-4.79,-5.84,-5.96,-6.08,-6.2,-6.33,-6.45,-6.58,-6.96,-8.17
"188",188,-3.52,-3.51,-4.46,-5.5,-5.62,-5.74,-5.86,-5.98,-6.11,-6.23,-6.61,-7.81
"189",189,-4.3,-3.12,-3.71,-4.35,-4.43,-4.5,-4.58,-4.65,-4.73,-4.8,-5.04,-5.78
"190",190,-4.56,-2.48,-3.16,-3.91,-3.99,-4.07,-4.15,-4.24,-4.32,-4.4,-4.66,-5.46
"191",191,-4.5,-1.93,-2.52,-3.24,-3.32,-3.39,-3.47,-3.55,-3.62,-3.7,-3.94,-4.69
"192",192,-4.39,-1.6,-2.21,-2.91,-2.98,-3.05,-3.13,-3.21,-3.28,-3.36,-3.59,-4.33
"193",193,-4.24,-1.31,-1.92,-2.61,-2.69,-2.76,-2.84,-2.91,-2.99,-3.06,-3.3,-4.03
"194",194,-4.09,-1.03,-1.63,-2.33,-2.41,-2.48,-2.55,-2.63,-2.7,-2.78,-3.01,-3.75
"195",195,-3.96,-0.75,-1.36,-2.05,-2.12,-2.2,-2.27,-2.34,-2.42,-2.5,-2.73,-3.46
"196",196,-3.79,-0.49,-1.08,-1.77,-1.84,-1.92,-1.99,-2.06,-2.14,-2.22,-2.45,-3.18
"197",197,-3.66,-0.21,-0.81,-1.49,-1.56,-1.64,-1.71,-1.79,-1.86,-1.94,-2.17,-2.9
"198",198,-4.6,-0.8,-1.37,-2,-2.06,-2.13,-2.2,-2.27,-2.34,-2.41,-2.62,-3.28
"199",199,-4.3,-1.42,-1.98,-2.58,-2.65,-2.72,-2.79,-2.86,-2.93,-3,-3.22,-3.92
"200",200,-4.08,-0.44,-0.94,-1.49,-1.55,-1.61,-1.68,-1.74,-1.8,-1.87,-2.06,-2.68
"201",201,-3.66,0.17,-0.3,-0.83,-0.89,-0.98,-1.04,-1.1,-1.16,-1.23,-1.42,-2.02
"202",202,-3.22,0.37,-0.06,-0.53,-0.58,-0.64,-0.69,-0.75,-0.81,-0.87,-1.04,-1.57
"203",203,-3.25,0.73,0.25,-0.27,-0.33,-0.41,-0.47,-0.53,-0.6,-0.66,-0.85,-1.45
"204",204,-3.2,0.09,-0.24,-0.61,-0.66,-0.7,-0.75,-0.79,-0.83,-0.88,-1.01,-1.44
"205",205,-3.22,1.4,1.15,0.87,0.84,0.81,0.78,0.75,0.71,0.68,0.59,0.27
"206",206,-4.02,-3.41,-4.18,-5.02,-5.12,-5.22,-5.32,-5.42,-5.52,-5.62,-5.93,-6.91
"207",207,-3.71,-2.69,-3.39,-4.15,-4.24,-4.33,-4.42,-4.51,-4.6,-4.69,-4.97,-5.87
"208",208,-3.34,-2.39,-3.09,-3.85,-3.93,-4.02,-4.11,-4.2,-4.29,-4.38,-4.66,-5.56
"209",209,-3.14,-2.09,-2.73,-3.44,-3.53,-3.61,-3.69,-3.77,-3.86,-3.94,-4.2,-5.01
"210",210,-3.1,-2.02,-2.7,-3.44,-3.53,-3.61,-3.7,-3.79,-3.88,-3.96,-4.24,-5.09
"211",211,-2.82,-1.72,-2.38,-3.12,-3.2,-3.29,-3.37,-3.47,-3.56,-3.64,-3.91,-4.76
"212",212,-9.31,-6.29,-7.92,-9.68,-9.88,-10.09,-10.29,-10.5,-10.71,-10.98,-11.63,-13.68
"213",213,-7.8,-5.12,-6.4,-7.75,-7.91,-8.07,-8.23,-8.39,-8.56,-8.73,-9.23,-10.8
"214",214,-6.7,-5.51,-6.71,-8,-8.15,-8.3,-8.46,-8.61,-8.76,-8.92,-9.4,-10.88
"215",215,-6.46,-4.73,-5.84,-7.04,-7.18,-7.32,-7.46,-7.6,-7.74,-7.89,-8.33,-9.67
"216",216,-6.36,-4.47,-5.58,-6.78,-6.92,-7.07,-7.21,-7.35,-7.49,-7.64,-8.08,-9.42
"217",217,-6.16,-4.45,-5.61,-6.87,-7.01,-7.16,-7.31,-7.46,-7.61,-7.76,-8.22,-9.6
"218",218,-6.1,-4.14,-5.23,-6.41,-6.55,-6.69,-6.83,-6.97,-7.11,-7.25,-7.69,-9.06
"219",219,-6.22,-4.16,-5.32,-6.57,-6.72,-6.86,-7.01,-7.16,-7.31,-7.46,-7.92,-9.3
"220",220,-6.33,-4.91,-5.84,-6.84,-6.96,-7.07,-7.19,-7.31,-7.43,-7.55,-7.92,-9.09
"221",221,-5.1,-2.92,-3.65,-4.43,-4.51,-4.61,-4.7,-4.79,-4.88,-4.97,-5.26,-6.16
"222",222,-5.01,-2.36,-3.05,-3.78,-3.87,-3.95,-4.04,-4.12,-4.21,-4.3,-4.57,-5.41
"223",223,-4.86,-2,-2.67,-3.39,-3.47,-3.56,-3.64,-3.72,-3.81,-3.9,-4.16,-4.99
"224",224,-4.75,-2.02,-2.71,-3.43,-3.51,-3.6,-3.68,-3.77,-3.85,-3.94,-4.21,-5.04
"225",225,-4.72,-1.72,-2.38,-3.09,-3.18,-3.26,-3.34,-3.43,-3.51,-3.6,-3.86,-4.68
"226",226,-4.5,-1.55,-2.17,-2.87,-2.95,-3.03,-3.11,-3.19,-3.25,-3.34,-3.58,-4.35
"227",227,-4.62,-1.45,-2.07,-2.76,-2.83,-2.91,-2.99,-3.07,-3.15,-3.23,-3.48,-4.25
"228",228,-4.47,-1.52,-2.16,-2.85,-2.92,-3,-3.08,-3.16,-3.25,-3.33,-3.58,-4.36
"229",229,-4.57,-1.43,-2.1,-2.81,-2.89,-2.97,-3.05,-3.14,-3.22,-3.31,-3.57,-4.39
"230",230,-4.39,-1.28,-1.91,-2.61,-2.69,-2.77,-2.85,-2.94,-3.02,-3.1,-3.36,-4.15
"231",231,-4.35,-1.1,-1.7,-2.35,-2.46,-2.53,-2.61,-2.69,-2.77,-2.85,-3.09,-3.76
"232",232,-4.42,-1.3,-1.91,-2.61,-2.68,-2.76,-2.84,-2.92,-3,-3.08,-3.33,-4.12
"233",233,-4.42,-1.44,-2.1,-2.8,-2.88,-2.96,-3.05,-3.13,-3.21,-3.3,-3.56,-4.37
"234",234,-4.43,-1.1,-1.7,-2.35,-2.43,-2.5,-2.58,-2.66,-2.73,-2.81,-3.05,-3.8
"235",235,-4.41,-1.15,-1.81,-2.52,-2.6,-2.68,-2.77,-2.85,-2.94,-3.02,-3.28,-4.1
"236",236,-4.06,-0.83,-1.43,-2.11,-2.18,-2.26,-2.34,-2.42,-2.5,-2.57,-2.82,-3.55
"237",237,-3.93,-0.83,-1.43,-2.08,-2.16,-2.23,-2.31,-2.38,-2.46,-2.54,-2.78,-3.52
"238",238,-3.74,-1.04,-1.67,-2.37,-2.45,-2.53,-2.61,-2.69,-2.77,-2.86,-3.11,-3.9
"239",239,-3.89,-0.73,-1.31,-1.94,-2.01,-2.09,-2.16,-2.23,-2.31,-2.38,-2.6,-3.32
"240",240,-4.21,-0.86,-1.52,-2.22,-2.3,-2.39,-2.47,-2.55,-2.64,-2.72,-2.98,-3.8
"241",241,-4.09,-0.59,-1.26,-1.96,-2.04,-2.13,-2.21,-2.29,-2.38,-2.46,-2.72,-3.54
"242",242,-3.89,-0.32,-0.97,-1.67,-1.75,-1.83,-1.92,-2,-2.09,-2.17,-2.43,-3.25
"243",243,-3.64,-0.04,-0.69,-1.4,-1.48,-1.56,-1.64,-1.73,-1.81,-1.9,-2.16,-2.97
"244",244,-5.5,-1.59,-2.22,-2.91,-2.99,-3.07,-3.15,-3.23,-3.31,-3.39,-3.65,-4.43
"245",245,-5.47,-1.43,-2.09,-2.78,-2.86,-2.94,-3.02,-3.1,-3.19,-3.27,-3.53,-4.33
"246",246,-5.48,-1.24,-1.87,-2.55,-2.63,-2.71,-2.79,-2.88,-2.96,-3.04,-3.29,-4.09
"247",247,-5.03,-2.41,-3.08,-3.81,-3.89,-3.98,-4.06,-4.15,-4.24,-4.33,-4.59,-5.43
"248",248,-6.76,-3.74,-4.74,-5.82,-5.94,-6.07,-6.19,-6.32,-6.45,-6.58,-6.97,-8.22
"249",249,-6.7,-3.23,-4.21,-5.25,-5.37,-5.49,-5.61,-5.74,-5.86,-5.99,-6.37,-7.57
"250",250,-6.41,-2.96,-3.94,-4.98,-5.1,-5.22,-5.35,-5.47,-5.59,-5.72,-6.1,-7.31
"251",251,-6.26,-2.68,-3.66,-4.69,-4.82,-4.94,-5.06,-5.18,-5.31,-5.43,-5.82,-7.02
"252",252,-4.31,-2.04,-2.73,-3.48,-3.56,-3.65,-3.74,-3.83,-3.92,-4.01,-4.26,-5.14
"253",253,-1.15,0.47,0.24,0,-0.03,-0.05,-0.08,-0.11,-0.14,-0.17,-0.26,-0.54
"254",254,-1.06,0.74,0.52,0.27,0.25,0.22,0.19,0.16,0.13,0.1,0.01,-0.27
"255",255,-1,1.02,0.8,0.55,0.53,0.5,0.47,0.44,0.41,0.38,0.29,0.01
"256",256,-1.46,1.51,1.36,1.19,1.17,1.15,1.13,1.11,1.09,1.07,1.01,0.81
"257",257,-1.28,2.01,1.84,1.66,1.64,1.62,1.6,1.57,1.55,1.53,1.46,1.25
"258",258,-1.21,2.05,1.91,1.75,1.74,1.72,1.7,1.68,1.66,1.64,1.59,1.41
"259",259,-1.64,1.35,1.12,0.88,0.85,0.82,0.79,0.76,0.73,0.7,0.61,0.32
"260",261,-7.54,-5.02,-6.39,-7.9,-8.08,-8.25,-8.43,-8.61,-8.8,-8.98,-9.53,-11.3
"261",262,-3.89,0.91,0.63,0.33,0.3,0.26,0.22,0.19,0.15,0.12,0,-0.34
"262",263,-9.81,-3.23,-4.28,-5.42,-5.55,-5.69,-5.84,-5.97,-6.11,-6.24,-6.67,-7.99
"263",264,-7.17,-2.46,-3.23,-4.08,-4.17,-4.27,-4.37,-4.47,-4.58,-4.68,-4.99,-5.97
"264",265,-6.33,-0.76,-1.31,-1.9,-1.97,-2.04,-2.11,-2.18,-2.25,-2.32,-2.53,-3.22
"265",266,-0.86,-0.44,-0.81,-1.22,-1.27,-1.31,-1.36,-1.41,-1.46,-1.51,-1.66,-2.13
"266",267,-0.89,0.26,-0.06,-0.4,-0.44,-0.48,-0.52,-0.56,-0.61,-0.65,-0.77,-1.17
"267",268,-0.79,0.58,0.28,-0.06,-0.09,-0.13,-0.17,-0.21,-0.25,-0.29,-0.41,-0.8
"268",269,-0.9,0.88,0.63,0.35,0.32,0.29,0.26,0.22,0.19,0.16,0.06,-0.27
"269",270,-0.83,0.93,0.67,0.39,0.36,0.32,0.29,0.26,0.22,0.19,0.08,-0.24
"270",271,-0.8,0.92,0.66,0.37,0.34,0.31,0.27,0.24,0.2,0.17,0.06,-0.27
"271",272,-0.53,0.86,0.55,0.22,0.18,0.14,0.1,0.06,0.02,-0.02,-0.14,-0.53
"272",273,-0.3,0.88,0.58,0.26,0.23,0.19,0.15,0.11,0.07,0.04,-0.08,-0.45
"273",274,-1.21,1.5,1.31,1.1,1.07,1.05,1.02,1,0.97,0.95,0.87,0.62
"274",275,-0.86,1.53,1.32,1.1,1.08,1.05,1.02,1,0.97,0.94,0.86,0.61
"275",276,-0.9,1.59,1.38,1.16,1.13,1.11,1.08,1.05,1.03,1,0.92,0.66
"276",277,-1.04,1.18,0.93,0.67,0.63,0.6,0.57,0.54,0.51,0.47,0.37,0.07
"277",278,-0.95,1.24,0.98,0.71,0.68,0.65,0.61,0.58,0.55,0.52,0.41,0.1
"278",279,-0.4,1.13,0.83,0.5,0.46,0.42,0.38,0.34,0.3,0.26,0.14,-0.24
"279",280,0.16,1.1,0.8,0.48,0.44,0.41,0.37,0.33,0.29,0.25,0.13,-0.24
"280",281,-0.45,1.13,0.83,0.52,0.48,0.44,0.4,0.36,0.33,0.29,0.17,-0.2
"281",282,-0.44,1.1,0.81,0.5,0.46,0.43,0.39,0.35,0.32,0.28,0.16,-0.2
"282",283,-0.68,1.53,1.28,1.02,0.99,0.96,0.93,0.89,0.86,0.83,0.73,0.43
"283",284,-0.23,1.41,1.11,0.77,0.74,0.7,0.66,0.62,0.58,0.54,0.42,0.03
"284",285,-0.04,1.68,1.38,1.05,1.01,0.97,0.93,0.89,0.85,0.81,0.69,0.31
"285",286,-1.24,-0.3,-0.71,-1.16,-1.21,-1.26,-1.32,-1.37,-1.42,-1.48,-1.64,-2.16
"286",287,-1.24,0.26,-0.1,-0.5,-0.55,-0.59,-0.64,-0.69,-0.73,-0.78,-0.93,-1.38
"287",288,-2.66,-0.86,-1.46,-2.11,-2.19,-2.26,-2.34,-2.42,-2.5,-2.57,-2.82,-3.57
"288",289,-2.4,-1.024,-1.592,-2.21,-2.282,-2.354,-2.427,-2.5,-2.574,-2.65,-2.877,-3.592
"289",290,-2.44,-0.563,-1.104,-1.691,-1.759,-1.828,-1.897,-1.967,-2.038,-2.109,-2.325,-3.006
"290",291,-2.47,0.129,-0.353,-0.877,-0.937,-0.998,-1.06,-1.123,-1.185,-1.249,-1.442,-2.048
"291",292,-2.83,0.414,-0.002,-0.454,-0.506,-0.559,-0.612,-0.666,-0.72,-0.775,-0.941,-1.464
"292",293,-2.79,0.268,-0.184,-0.675,-0.732,-0.789,-0.847,-0.906,-0.965,-1.024,-1.204,-1.773
"293",294,-2.64,0.324,-0.131,-0.626,-0.683,-0.741,-0.799,-0.858,-0.918,-0.977,-1.16,-1.733
"294",295,-2.4,-0.248,-0.778,-1.354,-1.421,-1.488,-1.556,-1.624,-1.693,-1.763,-1.975,-2.642
"295",296,-1.46,0.898,0.64,0.361,0.329,0.296,0.263,0.23,0.197,0.163,0.06,-0.262
"296",297,-3.15,0.11,-0.321,-0.789,-0.843,-0.898,-0.953,-1.009,-1.065,-1.121,-1.294,-1.836
"297",298,-3.36,-0.537,-1.09,-1.689,-1.759,-1.829,-1.899,-1.971,-2.043,-2.115,-2.336,-3.031
"298",299,-0.81,-0.054,-0.4,-0.778,-0.821,-0.865,-0.909,-0.954,-0.999,-1.044,-1.182,-1.618
"299",300,-0.25,0.653,0.337,-0.003,-0.042,-0.082,-0.122,-0.162,-0.203,-0.244,-0.37,-0.767
"300",301,-1.12,-0.215,-0.587,-0.988,-1.035,-1.082,-1.129,-1.177,-1.225,-1.273,-1.421,-1.889
"301",302,-1.37,-0.078,-0.452,-0.858,-0.905,-0.952,-1,-1.048,-1.097,-1.146,-1.295,-1.765
"302",303,-0.98,0.207,-0.118,-0.473,-0.514,-0.555,-0.597,-0.639,-0.681,-0.724,-0.854,-1.265
"303",304,-1.01,0.077,-0.275,-0.656,-0.7,-0.745,-0.789,-0.835,-0.882,-0.928,-1.068,-1.509
"304",305,-1.24,0.282,-0.054,-0.418,-0.46,-0.503,-0.546,-0.59,-0.633,-0.678,-0.812,-1.236
"305",306,-1.12,0.423,0.107,-0.236,-0.275,-0.316,-0.356,-0.397,-0.438,-0.48,-0.606,-1.003
"306",307,-0.78,0.853,0.613,0.351,0.321,0.291,0.26,0.229,0.197,0.166,0.069,-0.234
"307",308,-1.34,0.706,0.42,0.11,0.073,0.037,0.001,-0.036,-0.074,-0.111,-0.226,-0.585
"308",309,-1.63,1.003,0.766,0.509,0.479,0.449,0.419,0.389,0.358,0.327,0.232,-0.066
"309",310,-1.34,0.851,0.586,0.298,0.265,0.231,0.197,0.163,0.128,0.093,-0.013,-0.346
"310",311,-1.15,0.532,0.243,-0.071,-0.107,-0.144,-0.182,-0.219,-0.257,-0.295,-0.409,-0.774
"311",312,-1.46,-0.765,-1.188,-1.649,-1.703,-1.757,-1.811,-1.866,-1.921,-1.977,-2.147,-2.682
"312",313,-1.39,-0.213,-0.605,-1.031,-1.081,-1.13,-1.181,-1.231,-1.282,-1.333,-1.49,-1.985
"313",314,-1.750,-1.742,-2.136,-2.563,-2.614,-2.664,-2.714,-2.765,-2.817,-2.869,-3.027,-3.583
"314",315,-2.46,-1.145,-1.728,-2.361,-2.437,-2.511,-2.586,-2.661,-2.737,-2.814,-3.049,-3.783
"315",316,-2.23,-0.698,-1.259,-1.867,-1.937,-2.008,-2.08,-2.152,-2.225,-2.299,-2.522,-3.226
"316",317,-4.03,-3.798,-4.797,-5.887,-6.013,-6.142,-6.27,-6.4,-6.53,-6.662,-7.066,-8.325
"317",318,-4.27,-3.273,-4.246,-5.305,-5.427,-5.551,-5.675,-5.803,-5.929,-6.057,-6.447,-7.673
"318",319,-4.59,-2.72,-3.583,-4.525,-4.634,-4.744,-4.854,-4.966,-5.079,-5.192,-5.539,-6.629
"319",320,-4.71,-2.185,-3.023,-3.93,-4.035,-4.141,-4.248,-4.356,-4.465,-4.574,-4.908,-5.958
"320",321,-3.93,-2.626,-3.493,-4.435,-4.546,-4.656,-4.767,-4.879,-4.993,-5.106,-5.452,-6.544
"321",322,-3.65,-2.409,-3.288,-4.248,-4.359,-4.471,-4.592,-4.706,-4.822,-4.938,-5.292,-6.413
"322",323,-4.22,-4.187,-5.238,-6.377,-6.509,-6.642,-6.776,-6.912,-7.048,-7.186,-7.606,-8.925
"323",324,-5.54,-3.108,-4.098,-5.148,-5.265,-5.382,-5.501,-5.639,-5.761,-5.882,-6.254,-7.432
"324",325,-5.59,-3.309,-4.322,-5.384,-5.504,-5.625,-5.747,-5.87,-5.994,-6.118,-6.499,-7.697
"325",326,-5.22,-2.248,-3.127,-4.059,-4.166,-4.271,-4.376,-4.483,-4.59,-4.699,-5.03,-6.078
"326",327,-4.92,-3.091,-4.043,-5.095,-5.207,-5.321,-5.437,-5.553,-5.686,-5.804,-6.164,-7.304
"327",328,-5.83,-4.03,-5.128,-6.372,-6.506,-6.642,-6.778,-6.916,-7.059,-7.203,-7.635,-8.973
"328",329,-5.91,-4.204,-5.41,-6.602,-6.741,-6.88,-7.037,-7.179,-7.322,-7.467,-7.915,-9.296
"329",330,-6.13,-3.932,-5.06,-6.254,-6.4,-6.538,-6.677,-6.82,-6.961,-7.106,-7.539,-8.899
"330",331,-7.31,-4.827,-6.141,-7.512,-7.669,-7.827,-7.995,-8.156,-8.322,-8.488,-8.986,-10.551
"331",332,-7.5,-4.777,-6.051,-7.435,-7.651,-7.809,-7.97,-8.132,-8.294,-8.463,-8.965,-10.526
"332",333,-7.39,-5.562,-6.822,-8.212,-8.368,-8.536,-8.695,-8.856,-9.019,-9.182,-9.724,-11.321
"333",334,-8.86,-7.185,-8.741,-10.487,-10.683,-10.879,-11.078,-11.278,-11.479,-11.683,-12.302,-14.282
"334",335,-10.3,-8.198,-10.01,-11.988,-12.208,-12.43,-12.666,-12.892,-13.12,-13.35,-14.06,-16.274
"335",336,-7.29,-4.752,-5.971,-7.307,-7.461,-7.617,-7.774,-7.932,-8.091,-8.252,-8.741,-10.281
"336",337,-7.48,-4.853,-6.089,-7.433,-7.591,-7.749,-7.911,-8.071,-8.233,-8.396,-8.892,-10.455
"337",338,-4.7,-2.717,-3.61,-4.563,-4.673,-4.788,-4.901,-5.016,-5.131,-5.254,-5.611,-6.739
"338",339,-3.46,-0.714,-1.285,-1.905,-1.977,-2.049,-2.122,-2.196,-2.27,-2.346,-2.574,-3.292
"339",340,-4.12,-3.27,-4.102,-5.012,-5.118,-5.224,-5.332,-5.44,-5.549,-5.66,-5.997,-7.054
"340",341,-3.59,-2.363,-3.096,-3.893,-3.989,-4.082,-4.176,-4.27,-4.366,-4.462,-4.756,-5.677
"341",342,-3.46,-2.645,-3.434,-4.29,-4.389,-4.483,-4.585,-4.687,-4.79,-4.894,-5.211,-6.207
"342",343,-11.02,-9.539,-11.587,-13.875,-14.133,-14.394,-14.657,-14.922,-15.189,-15.458,-16.278,-18.901
"343",344,-6.62,-4.108,-5.142,-6.253,-6.382,-6.512,-6.643,-6.774,-6.907,-7.041,-7.45,-8.735
"344",345,-5.89,-2.917,-3.798,-4.744,-4.854,-4.964,-5.075,-5.188,-5.301,-5.415,-5.763,-6.856
"345",346,-6.15,-3.426,-4.405,-5.455,-5.576,-5.698,-5.822,-5.946,-6.072,-6.199,-6.584,-7.797
"346",347,-6.17,-2.286,-3.094,-3.985,-4.087,-4.19,-4.293,-4.397,-4.503,-4.609,-4.932,-5.948
"347",348,-6.02,-2.26,-3.087,-3.977,-4.08,-4.184,-4.288,-4.394,-4.5,-4.607,-4.934,-5.961
"348",349,-5.93,-2.204,-3.016,-3.899,-4.001,-4.103,-4.206,-4.311,-4.416,-4.521,-4.844,-5.858
"349",350,-5.27,-2.303,-3.137,-4.037,-4.141,-4.246,-4.352,-4.459,-4.567,-4.675,-5.006,-6.044
"350",351,-6.51,-2.748,-3.648,-4.62,-4.732,-4.845,-4.96,-5.075,-5.191,-5.308,-5.665,-6.787
"351",352,-6.28,-2.632,-3.533,-4.497,-4.608,-4.721,-4.834,-4.949,-5.064,-5.18,-5.535,-6.649
"352",353,-6.27,-3.028,-3.977,-4.996,-5.114,-5.234,-5.354,-5.475,-5.598,-5.721,-6.097,-7.278
"353",354,-6.15,-3.104,-4.072,-5.113,-5.233,-5.354,-5.477,-5.6,-5.724,-5.85,-6.232,-7.433
"354",355,-5.91,-2.826,-3.798,-4.834,-4.954,-5.075,-5.198,-5.321,-5.445,-5.57,-5.952,-7.153
"355",356,-5.93,-2.604,-3.552,-4.574,-4.692,-4.811,-4.932,-5.053,-5.175,-5.298,-5.674,-6.854
"356",357,-5.3,-2.442,-3.193,-4.009,-4.112,-4.207,-4.303,-4.4,-4.498,-4.596,-4.896,-5.84
"357",358,-6.2,-3.852,-4.881,-5.985,-6.113,-6.242,-6.372,-6.503,-6.635,-6.768,-7.175,-8.453
"358",359,-4.56,-2.441,-3.192,-4.008,-4.102,-4.197,-4.292,-4.389,-4.486,-4.584,-4.883,-5.822
"359",360,-6.62,-3.758,-4.763,-5.842,-5.967,-6.093,-6.22,-6.348,-6.477,-6.607,-7.004,-8.252
"360",361,-7.05,-4.069,-5.132,-6.278,-6.411,-6.544,-6.679,-6.815,-6.951,-7.089,-7.51,-8.831
"361",362,-6.8,-3.228,-4.188,-5.222,-5.342,-5.464,-5.585,-5.709,-5.833,-5.957,-6.338,-7.536
"362",363,-7.14,-4.658,-5.782,-6.998,-7.138,-7.279,-7.422,-7.566,-7.711,-7.857,-8.302,-9.703
"363",364,-6.21,-3.736,-4.479,-5.299,-5.392,-5.487,-5.582,-5.678,-5.775,-5.873,-6.171,-7.107		
"364",365,-5.59,-3.301,-4.264,-5.3,-5.42,-5.541,-5.663,-5.786,-5.91,-6.035,-6.416,-7.614
"365",366,-7.68,-4.649,-5.861,-7.165,-7.316,-7.468,-7.622,-7.776,-7.932,-8.09,-8.569,-10.076
"366",367,-9.52,-7.003,-8.572,-10.274,-10.471,-10.669,-10.868,-11.07,-11.273,-11.477,-12.101,-14.063
"367",368,-8.85,-7.693,-9.393,-11.236,-11.449,-11.663,-11.879,-12.098,-12.318,-12.539,-13.215,-15.34
"368",369,-9.67,-7.658,-9.324,-11.122,-11.331,-11.541,-11.753,-11.967,-12.183,-12.4,-13.063,-15.147
"369",370,-10.19,-8.34,-10.14,-12.081,-12.306,-12.532,-12.761,-12.992,-13.224,-13.459,-14.173,-16.42
"370",371,-4.59,-4.046,-5.002,-6.042,-6.162,-6.283,-6.404,-6.523,-6.645,-6.793,-7.176,-8.378
"371",372,-9.64,-6.656,-8.096,-9.669,-9.852,-10.035,-10.219,-10.405,-10.592,-10.781,-11.356,-13.164
"372",373,-10.67,-7.45,-9.04,-10.771,-10.971,-11.173,-11.376,-11.581,-11.787,-11.995,-12.633,-14.63
"373",374,-7.69,-4.216,-5.345,-6.57,-6.712,-6.855,-6.999,-7.144,-7.291,-7.439,-7.89,-9.307
"374",375,-8.13,-4.596,-5.789,-7.084,-7.234,-7.385,-7.538,-7.692,-7.847,-8.004,-8.481,-9.981
"375",376,-6.64,-2.937,-3.817,-4.748,-4.856,-4.965,-5.075,-5.185,-5.297,-5.41,-5.753,-6.832
"376",377,-6.8,-2.417,-3.253,-4.137,-4.24,-4.343,-4.448,-4.553,-4.659,-4.766,-5.091,-6.116
"377",378,-6.94,-2.826,-3.766,-4.803,-4.922,-5.041,-5.161,-5.282,-5.404,-5.527,-5.902,-7.081
"378",379,-2.55,-1.041,-1.57,-2.146,-2.213,-2.28,-2.348,-2.416,-2.485,-2.556,-2.768,-3.434
"379",380,-2.73,-0.205,-0.652,-1.136,-1.192,-1.249,-1.306,-1.365,-1.423,-1.482,-1.66,-2.221
"380",381,-4.7,-3.276,-4.147,-5.097,-5.207,-5.319,-5.431,-5.543,-5.656,-5.77,-6.119,-7.213
"381",382,-4.64,-2.204,-2.96,-3.771,-3.865,-3.96,-4.055,-4.152,-4.249,-4.347,-4.646,-5.585
"382",383,-4.78,-2.478,-3.28,-4.14,-4.24,-4.34,-4.442,-4.544,-4.647,-4.751,-5.068,-6.064
"383",384,-4.94,-2.678,-3.51,-4.417,-4.521,-4.626,-4.732,-4.84,-4.948,-5.056,-5.388,-6.431
"384",385,-4.83,-1.419,-2.074,-2.785,-2.867,-2.95,-3.034,-3.119,-3.204,-3.29,-3.552,-4.374
"385",386,-4.88,-1.601,-2.305,-3.069,-3.157,-3.247,-3.337,-3.427,-3.519,-3.611,-3.892,-4.774
"386",387,-4.73,-1.444,-2.123,-2.855,-2.94,-3.026,-3.112,-3.199,-3.287,-3.375,-3.645,-4.493
"387",388,-4.6,-1.146,-1.769,-2.446,-2.524,-2.603,-2.683,-2.763,-2.844,-2.926,-3.17,-3.954
"388",389,-5.23,-1.93,-2.675,-3.487,-3.581,-3.676,-3.771,-3.868,-3.967,-4.065,-4.363,-5.301
"389",390,-4.85,-1.698,-2.413,-3.188,-3.278,-3.369,-3.461,-3.553,-3.646,-3.74,-4.026,-4.924
"390",391,-4.34,-1.879,-2.62,-3.419,-3.512,-3.605,-3.699,-3.793,-3.889,-3.985,-4.28,-5.204
"391",392,-4.6,-2.145,-2.926,-3.776,-3.875,-3.974,-4.074,-4.175,-4.276,-4.379,-4.696,-5.678
"392",393,-4.74,-2.338,-3.164,-4.051,-4.154,-4.258,-4.362,-4.468,-4.574,-4.681,-5.008,-6.035
"393",394,-4.4,-2.747,-3.559,-4.442,-4.544,-4.648,-4.752,-4.857,-4.962,-5.069,-5.393,-6.414
"394",395,-4.02,-2.387,-3.131,-3.936,-4.029,-4.125,-4.222,-4.318,-4.414,-4.511,-4.808,-5.738
"395",396,-6.76,-6.038,-7.394,-8.867,-9.038,-9.21,-9.384,-9.559,-9.736,-9.914,-10.457,-12.164
"396",397,-6.04,-5.921,-7.26,-8.71,-8.878,-9.048,-9.219,-9.391,-9.565,-9.74,-10.275,-11.954
"397",398,-7.12,-5.82,-7.171,-8.636,-8.805,-8.976,-9.148,-9.321,-9.496,-9.672,-10.21,-11.899
"398",399,-7.02,-5.737,-7.064,-8.51,-8.677,-8.848,-9.019,-9.191,-9.365,-9.539,-10.07,-11.739
"399",400,-8.28,-4.81,-6.039,-7.364,-7.518,-7.673,-7.829,-7.987,-8.145,-8.306,-8.794,-10.329
"400",401,-7.63,-4.786,-6.003,-7.325,-7.478,-7.637,-7.792,-7.949,-8.108,-8.267,-8.753,-10.282
"401",402,-5.74,-3.325,-4.282,-5.33,-5.451,-5.574,-5.697,-5.822,-5.948,-6.074,-6.46,-7.674
"402",403,-5.52,-3.719,-4.711,-5.783,-5.908,-6.034,-6.155,-6.282,-6.415,-6.545,-6.94,-8.186
"403",404,-5.46,-3.371,-4.347,-5.409,-5.532,-5.655,-5.779,-5.905,-6.032,-6.16,-6.55,-7.772
"404",405,-5.05,-2.72,-3.67,-4.699,-4.819,-4.939,-5.061,-5.184,-5.308,-5.433,-5.813,-7.012
"405",406,-1.42,-2.72,-3.67,-4.699,-4.819,-4.939,-5.061,-5.184,-5.308,-5.433,-5.813,-7.012
"406",407,-1.38,-2.72,-3.67,-4.699,-4.819,-4.939,-5.061,-5.184,-5.308,-5.433,-5.813,-7.012
"407",408,-1.91,-0.55,-0.941,-1.367,-1.417,-1.466,-1.517,-1.567,-1.618,-1.67,-1.826,-2.314
"408",409,-2.1,-0.036,-0.393,-0.776,-0.82,-0.866,-0.911,-0.957,-1.004,-1.05,-1.193,-1.641
"409",410,-2.21,0.625,0.308,-0.031,-0.071,-0.111,-0.151,-0.192,-0.233,-0.274,-0.4,-0.796
"410",411,-3.11,-0.7,-1.245,-1.834,-1.903,-1.972,-2.042,-2.113,-2.184,-2.254,-2.472,-3.157
"411",412,-2.75,0.132,-0.323,-0.818,-0.876,-0.934,-0.993,-1.052,-1.111,-1.167,-1.35,-1.922
"412",413,-4.62,-1.229,-1.818,-2.456,-2.529,-2.602,-2.677,-2.751,-2.827,-2.904,-3.137,-3.872
"413",414,-3.91,-0.567,-1.142,-1.765,-1.838,-1.911,-1.984,-2.058,-2.133,-2.208,-2.435,-3.154
"414",415,-2.4,-0.59,-1.138,-1.736,-1.806,-1.876,-1.947,-2.018,-2.09,-2.163,-2.387,-3.076
"415",416,-4.11,-1.292,-1.891,-2.56,-2.636,-2.713,-2.79,-2.868,-2.946,-3.026,-3.267,-4.027
"416",417,-3.3,-0.647,-1.248,-1.899,-1.975,-2.051,-2.128,-2.205,-2.283,-2.362,-2.599,-3.349
"417",418,-1.61,1.088,0.96,0.822,0.805,0.789,0.773,0.756,0.74,0.723,0.672,0.511
"418",419,-1.5,1.309,1.175,1.029,1.012,0.995,0.977,0.959,0.941,0.923,0.867,0.696
"419",420,-10.12,-7.882,-9.657,-11.546,-11.763,-11.982,-12.202,-12.424,-12.651,-12.866,-13.565,-15.818
"420",421,-4.41,-3.602,-4.71,-5.913,-6.052,-6.193,-6.334,-6.477,-6.623,-6.768,-7.212,-8.59
"421",422,-3.78,0.911,0.632,0.331,0.296,0.26,0.225,0.189,0.153,0.117,0.004,-0.342
"422",423,-3.96,-1.826,-2.626,-3.496,-3.597,-3.698,-3.801,-3.904,-4.008,-4.113,-4.434,-5.441
"423",424,-3.89,-1.514,-2.251,-3.053,-3.146,-3.24,-3.335,-3.43,-3.526,-3.623,-3.918,-4.847
"424",425,-4.53,-1.776,-2.581,-3.455,-3.556,-3.659,-3.762,-3.866,-3.971,-4.077,-4.399,-5.412
